{"cameraMode":{"drawMode":0,"name":"Shaded","section":"Shading Mode"},"sceneLighting":false,"audioPlay":false,"sceneViewState":{"showFog":true,"showMaterialUpdate":false,"showSkybox":false,"showFlares":true,"showImageEffects":true,"showParticleSystems":true},"in2DMode":false,"pivot":{"x":-0.7627897262573242,"y":7.029428482055664,"z":2.4634323120117189},"rotation":{"x":0.06786050647497177,"y":0.19916534423828126,"z":-0.013826283626258374,"w":0.977515697479248},"size":28.649723052978517,"orthographic":false}