{"cameraMode":{"drawMode":0,"name":"Shaded","section":"Shading Mode"},"sceneLighting":false,"audioPlay":false,"sceneViewState":{"showFog":false,"showMaterialUpdate":false,"showSkybox":false,"showFlares":false,"showImageEffects":false,"showParticleSystems":false},"in2DMode":false,"pivot":{"x":-4.087436676025391,"y":1.3861768245697022,"z":0.9706406593322754},"rotation":{"x":0.029277177527546884,"y":-0.9320592284202576,"z":0.0773608386516571,"w":0.3527376353740692},"size":3.5008273124694826,"orthographic":false}