{"cameraMode":{"drawMode":0,"name":"Shaded","section":"Shading Mode"},"sceneLighting":false,"audioPlay":false,"sceneViewState":{"showFog":false,"showMaterialUpdate":false,"showSkybox":false,"showFlares":false,"showImageEffects":false,"showParticleSystems":false},"in2DMode":false,"pivot":{"x":-89.58236694335938,"y":294.8692626953125,"z":-44.05308532714844},"rotation":{"x":0.025150040164589883,"y":0.9440115690231323,"z":-0.07407726347446442,"w":0.3205031156539917},"size":7.115848541259766,"orthographic":false}