{"cameraMode":{"drawMode":0,"name":"Shaded","section":"Shading Mode"},"sceneLighting":false,"audioPlay":false,"sceneViewState":{"showFog":false,"showMaterialUpdate":false,"showSkybox":false,"showFlares":false,"showImageEffects":false,"showParticleSystems":false},"in2DMode":false,"pivot":{"x":-12.893020629882813,"y":0.5041766166687012,"z":19.92723274230957},"rotation":{"x":0.28036215901374819,"y":-0.26205751299858096,"z":0.07986238598823548,"w":0.9199700355529785},"size":4.482207775115967,"orthographic":false}